#,url,count
1,https://www.stylecraze.com/trending/makeup-mistakes-that-make-you-look-old,6164
2,https://www.stylecraze.com/trending/style-mistakes-that-make-you-look-older-and-fatter,2989
3,https://www.stylecraze.com/trending/makeup-mistakes-to-stop-doing,2821
4,https://www.stylecraze.com/trending/the-way-you-make-a-fist-says-a-lot-about-your-personality,2512
5,https://www.stylecraze.com/trending/mistakes-we-make-while-buying-shoes-that-make-our-feet-suffer,2403
6,https://www.stylecraze.com/trending/outdated-beauty-standards-that-women-should-no-longer-follow,2221
7,https://www.stylecraze.com/trending/hairdos-for-any-age-that-make-you-look-younger,1952
8,https://www.stylecraze.com/trending/wash-your-face-with-coconut-oil-and-baking-soda,1720
9,https://www.stylecraze.com/trending/makeup-tricks-that-girls-should-know,1521
10,https://www.stylecraze.com/trending/ways-to-make-your-bras-more-comfortable,1444
11,https://www.stylecraze.com/trending/how-to-have-incredible-skin,1287
12,https://www.stylecraze.com/trending/fine-hair-mistakes-you-need-to-stop-making,1271
13,https://www.stylecraze.com/trending/hair-and-makeup-mistakes-that-are-low-key-aging-you,1242
14,https://www.stylecraze.com/trending/hairstyle-mistakes-that-can-make-you-look-older,1210
15,https://www.stylecraze.com/trending/why-you-wake-up-to-pee-at-night,1196
16,https://www.stylecraze.com/trending/you-will-never-go-wrong-with-these-dressing-hacks,1125
17,https://www.stylecraze.com/trending/outfit-mistakes-that-make-you-look-messy,1024
18,https://www.stylecraze.com/trending/small-dressing-mistakes-that-are-keeping-you-from-looking-youthful,989
19,https://www.stylecraze.com/trending/the-one-day-gut-cleanse,889
20,https://www.stylecraze.com/trending/habits-that-cause-your-hair-to-thin,870
21,https://www.stylecraze.com/trending/embarrassing-chin-hair,817
22,https://www.stylecraze.com/trending/perfume-mistakes-to-avoid,792
23,https://www.stylecraze.com/trending/beauty-habits-that-can-make-you-look-older,712
24,https://www.stylecraze.com/trending/ways-your-body-tells-you-that-you-are-super-fertile,694
25,https://www.stylecraze.com/trending/what-your-hair-length-reveals-about-your-personality,672
26,https://www.stylecraze.com/trending/ways-to-convert-uncomfortable-shoes-into-cotton-clouds-for-your-feel,621
27,https://www.stylecraze.com/trending/reasons-your-breasts-hurt,577
28,https://www.stylecraze.com/trending/myths-about-hair-growth-you-should-not-believe,576
29,https://www.stylecraze.com/trending/smart-hacks-that-can-help-you-look-gorgeous-every-day,533
30,https://www.stylecraze.com/trending/cleanse-your-liver-with-two-ingredients,523
31,https://www.stylecraze.com/trending/what-the-gap-between-your-thighs-says-about-lovemaking-skills,511
32,https://www.stylecraze.com/trending/dressing-rules-that-everyone-should-learn,493
33,https://www.stylecraze.com/trending/what-your-nose-tells-about-you,479
34,https://www.stylecraze.com/trending/exercises-to-strengthen-flabby-skin,476
35,https://www.stylecraze.com/trending/here-is-why-you-should-sprinkle-salt-around-the-house,471
36,https://www.stylecraze.com/trending/reasons-your-pee-smells-weird,465
37,https://www.stylecraze.com/trending/signs-that-your-blood-sugar-is-high,463
38,https://www.stylecraze.com/trending/how-to-choose-the-perfect-nail-color-that-compliments-your-skin-tone,444
39,https://www.stylecraze.com/trending/clothing-hacks-that-are-absolute-lifesavers,413
40,https://www.stylecraze.com/trending/what-does-your-nail-shape-say-about-you,380
41,https://www.stylecraze.com/trending/ways-in-which-optical-illusions-can-make-you-look-slimmer-in-your-clothes,378
42,https://www.stylecraze.com/trending/tricks-for-those-who-wear-glasses,346
43,https://www.stylecraze.com/trending/most-common-symptoms-of-pcos,344
44,https://www.stylecraze.com/trending/what-the-last-digit-of-your-birth-year-reveals-about-you,325
45,https://www.stylecraze.com/trending/what-the-moles-on-your-body-say-about-your-personality,321
46,https://www.stylecraze.com/trending/what-your-birth-month-says-about-your-personality,320
47,https://www.stylecraze.com/trending/what-your-blood-type-says-about-your-personality,312
48,https://www.stylecraze.com/trending/etiquette-rules-every-woman-should-know,311
49,https://www.stylecraze.com/trending/how-to-lift-up-sagging-eyelids,310
50,https://www.stylecraze.com/trending/what-the-shape-of-your-thumb-says-about-you,307
51,https://www.stylecraze.com/trending/tips-and-tricks-to-hide-love-handles,296
52,https://www.stylecraze.com/trending/what-the-shape-of-your-toes-tell-about-your-personality,293
53,https://www.stylecraze.com/trending/what-happens-when-you-apply-aloe-vera-daily,291
54,https://www.stylecraze.com/trending/birth-month-influences-personality,276
55,https://www.stylecraze.com/trending/what-happens-to-your-body-when-you-eat-oatmeal-everyday,274
56,https://www.stylecraze.com/articles/hair-plopping,259
57,https://www.stylecraze.com/trending/a-step-by-step-guide-to-a-flawless-facial-care-routine,245
58,https://www.stylecraze.com/trending/can-you-sleep-with-your-bra-on,244
59,https://www.stylecraze.com/trending/habits-of-people-who-age-well,237
60,https://www.stylecraze.com/trending/foods-that-are-better-than-meds-for-anxiety,230
61,https://www.stylecraze.com/trending/what-should-i-eat-at-night-to-lose-weight,225
62,https://www.stylecraze.com/trending/foods-that-help-you-regenerate-your-liver,224
63,https://www.stylecraze.com/trending/11-traits-of-an-attractive-woman,223
64,https://www.stylecraze.com/trending/what-looks-best-on-you,219
65,https://www.stylecraze.com/trending/what-does-the-first-letter-of-your-name-say,219
66,https://www.stylecraze.com/trending/what-happens-if-you-dont-wear-bra,219
67,https://www.stylecraze.com/trending/what-your-personality-is-according-to-your-feet,217
68,https://www.stylecraze.com/trending/foods-that-will-tighten-tummy,208
69,https://www.stylecraze.com/trending/remove-dark-spots-using-potato-juice,206
70,https://www.stylecraze.com/trending/things-not-to-do-during-your-period,206
71,https://www.stylecraze.com/trending/cute-little-things-all-happy-couples-do-right-before-sex,206
72,https://www.stylecraze.com/trending/why-do-women-gain-weight-after-marriage,201
73,https://www.stylecraze.com/trending/how-to-know-the-perfect-pair-of-jeans-for-every-body-shape,200
74,https://www.stylecraze.com/trending/pay-attention-to-these-changes,198
75,https://www.stylecraze.com/trending/simple-ways-to-detox-your-body,190
76,https://www.stylecraze.com/trending/what-your-birth-month-says-about-your-love-life,180
77,https://www.stylecraze.com/trending/the-best-age-to-have-a-child,178
78,https://www.stylecraze.com/trending/never-sacrifice-these-things-for-a-partner,169
79,https://www.stylecraze.com/articles/best-kegel-exercise-videos-and-their-benefits,169
80,https://www.stylecraze.com/trending/bra-tricks-you-dont-know-about,169
81,https://www.stylecraze.com/trending/wearing-silver-ring-in-your-little-finger,167
82,https://www.stylecraze.com/trending/why-you-shouldnt-remove-your-pubic-hair,164
83,https://www.stylecraze.com/trending/ways-to-make-your-stomach-and-bowels-work-like-a-charm,162
84,https://www.stylecraze.com/trending/reasons-your-hands-look-old,161
85,https://www.stylecraze.com/trending/the-shape-of-your-lips-can-describe-your-personality,158
86,https://www.stylecraze.com/trending/this-is-what-the-two-matched-lines-on-your-palm-reveals,156
87,https://www.stylecraze.com/trending/signs-that-your-kidneys-arent-working-properly,151
88,https://www.stylecraze.com/trending/things-no-woman-should-do-on-her-period,150
89,https://www.stylecraze.com/trending/things-your-makeup-experts-want-you-to-stop-doing-right-now,148
90,https://www.stylecraze.com/trending/essential-oils-for-skin-tightening,147
91,https://www.stylecraze.com/trending/signs-that-you-have-high-cholesterol,144
92,https://www.stylecraze.com/trending/signs-that-your-body-has-too-much-estrogen,139
93,https://www.stylecraze.com/trending/hygienic-habits-that-may-ruin-your-health,138
94,https://www.stylecraze.com/trending/do-you-shave-your-private-parts,137
95,https://www.stylecraze.com/trending/signs-that-your-body-needs-iodine,134
96,https://www.stylecraze.com/trending/mystery-behind-fibromyalgia-revealed,132
97,https://www.stylecraze.com/trending/what-happens-when-you-eat-oats-everyday,129
98,https://www.stylecraze.com/trending/warning-signs-of-liver-damage,128
99,https://www.stylecraze.com/trending/burn-belly-fat-with-this-drink,125
100,https://www.stylecraze.com/trending/the-reason-large-pores-appear-on-your-skin,123
